pdb_id,cluster_id,split,group
1AQU,1AQU_A,test,negative
1DJQ,1DJQ_A,test,negative
1DKF,1DKF_A,test,negative
1QLE,1QLE_A,test,negative
1TKW,1TKW_A,test,negative
1WAD,1WAD_A,test,negative
1XQ5,1XQ5_D,test,negative
1LZX,1ZVL_A,test,negative
1VAG,1ZVL_A,test,negative
1ZVL,1ZVL_A,test,negative
3JT3,1ZVL_A,test,negative
4UH6,1ZVL_A,test,negative
5FVS,1ZVL_A,test,negative
5FW0,1ZVL_A,test,negative
5UNZ,1ZVL_A,test,negative
5VUX,1ZVL_A,test,negative
6AUZ,1ZVL_A,test,negative
6NGT,1ZVL_A,test,negative
6NGY,1ZVL_A,test,negative
6PN1,1ZVL_A,test,negative
6PN4,1ZVL_A,test,negative
6PN6,1ZVL_A,test,negative
7TS6,1ZVL_A,test,negative
7US7,1ZVL_A,test,negative
8T1J,1ZVL_A,test,negative
9CVY,1ZVL_A,test,negative
2A9E,2A9E_A,test,negative
2IQF,2A9E_A,test,negative
1AET,2B12_A,test,negative
1JDR,2B12_A,test,negative
1RYC,2B12_A,test,negative
2AQD,2B12_A,test,negative
2B12,2B12_A,test,negative
2EUO,2B12_A,test,negative
2ICV,2B12_A,test,negative
2PCB,2B12_A,test,negative
2RBU,2B12_A,test,negative
4A71,2B12_A,test,negative
4JMV,2B12_A,test,negative
4JQM,2B12_A,test,negative
4XV8,2B12_A,test,negative
5CID,2B12_A,test,negative
5U5V,2B12_A,test,negative
5UG2,2B12_A,test,negative
2D7C,2D7C_A,test,negative
2DEB,2DEB_A,test,negative
2G5I,2G5I_C,test,negative
2CL4,2GHH_X,test,negative
2GHH,2GHH_X,test,negative
2I8C,2I8C_B,test,negative
2EB3,2ITX_A,test,negative
2ITX,2ITX_A,test,negative
2PFC,2PFC_A,test,negative
2WW4,2WW4_A,test,negative
2XYK,2XYK_B,test,negative
2AM9,2YLO_A,test,negative
2Q7J,2YLO_A,test,negative
2Q7L,2YLO_A,test,negative
2YHD,2YLO_A,test,negative
2YLO,2YLO_A,test,negative
2YLP,2YLO_A,test,negative
2YLQ,2YLO_A,test,negative
3ZQT,2YLO_A,test,negative
4HLW,2YLO_A,test,negative
3A7H,3A7H_B,test,negative
3BFH,3BFH_A,test,negative
3DIN,3DIN_D,test,negative
3JBE,3JBE_7,test,negative
3JUS,3JUS_A,test,negative
3KDM,3KDM_L,test,negative
3KVG,3KVG_B,test,negative
3TPT,3TPT_B,test,negative
3TQC,3TQC_B,test,negative
3U3N,3U3N_C,test,negative
3BUR,3UZZ_A,test,negative
3UZZ,3UZZ_A,test,negative
4HDG,4HDG_A,test,negative
4J26,4J26_I,test,negative
3HRF,4RQV_A,test,negative
4RQV,4RQV_A,test,negative
3L1M,4RWD_A,test,negative
8DRM,4RWD_A,test,negative
4WQD,4WQD_A,test,negative
4X9X,4X9X_A,test,negative
4Z9M,4Z9M_G,test,negative
5F2T,5F2T_B,test,negative
5F2Z,5F2T_B,test,negative
5GTR,5GTR_C,test,negative
5JIC,5JIC_A,test,negative
5K53,5K53_B,test,negative
5LFK,5LFK_A,test,negative
5CA1,5S4N_E,test,negative
5S4N,5S4N_E,test,negative
5S5B,5S4N_E,test,negative
5S5D,5S4N_E,test,negative
5XIW,5S4N_E,test,negative
7CNO,5S4N_E,test,negative
8B7C,5S4N_E,test,negative
8RIW,5S4N_E,test,negative
5TY3,5TY3_A,test,negative
5VNW,5VNW_C,test,negative
5W3H,5W3H_B,test,negative
5YA2,5YA2_C,test,negative
5ZZB,5ZZB_C,test,negative
6AMG,6AMG_B,test,negative
6BQH,6BQH_A,test,negative
6F0L,6F0L_3,test,negative
6FWS,6FWS_A,test,negative
6G5O,6G5O_B,test,negative
6GPX,6GPX_A,test,negative
6JWV,6JWV_A,test,negative
6K6I,6K6I_A,test,negative
6PE2,6PE2_A,test,negative
6RKE,6RKE_F,test,negative
6SML,6SML_A,test,negative
4D7I,6XK6_A,test,negative
5G6O,6XK6_A,test,negative
6XK6,6XK6_A,test,negative
6XK8,6XK6_A,test,negative
7EDZ,7EDZ_B,test,negative
7LN5,7LN5_G,test,negative
2C96,7QV9_f,test,negative
7SQC,7SQC_6A,test,negative
7TDV,7TDV_C,test,negative
7VLS,7VLS_A,test,negative
7WCA,7WCA_B,test,negative
7ZOU,7ZOU_A,test,negative
7ZOV,7ZOU_A,test,negative
7ZS8,7ZS8_A,test,negative
7SQO,8F7W_E,test,negative
7T6V,8F7W_E,test,negative
7Y15,8F7W_E,test,negative
8F7W,8F7W_E,test,negative
8HK2,8HK2_D,test,negative
8OM4,8OM4_W,test,negative
8QB4,8QB4_A,test,negative
5EYP,8QL6_F,test,negative
8QL6,8QL6_F,test,negative
8QT9,8QT9_A,test,negative
8T57,8T57_A,test,negative
8UO1,8UO1_R,test,negative
8UO2,8UO1_R,test,negative
1IA0,8UTY_E,test,negative
3JAT,8UTY_E,test,negative
7LXB,8UTY_E,test,negative
7SJ8,8UTY_E,test,negative
7TQY,8UTY_E,test,negative
7YSN,8UTY_E,test,negative
8UTY,8UTY_E,test,negative
9DHZ,8UTY_E,test,negative
8VP5,8VP5_C,test,negative
8X1N,8X1N_A,test,negative
8Y6O,8Y6O_X,test,negative
9BMR,9E12_A,test,negative
9BN5,9E12_A,test,negative
9E0Z,9E12_A,test,negative
9EXR,9EXR_A,test,negative
9FAX,9FAX_F,test,negative
9FP2,9FP2_S,test,negative
9FY0,9FY0_F,test,negative
9IY1,9IY1_D,test,negative
9JC9,9JC9_A,test,negative
9KRR,9KRR_K,test,negative
9LJJ,9LJJ_M,test,negative
2PZG,9MXL_B,test,negative
4WZ6,9MXL_B,test,negative
9MXL,9MXL_B,test,negative
9N2C,9N2C_SE,test,negative
1AP9,1CWQ_A,test,positive
1AT9,1CWQ_A,test,positive
1BM1,1CWQ_A,test,positive
1BRR,1CWQ_A,test,positive
1BRX,1CWQ_A,test,positive
1C3W,1CWQ_A,test,positive
1C8R,1CWQ_A,test,positive
1CWQ,1CWQ_A,test,positive
1DZE,1CWQ_A,test,positive
1E0P,1CWQ_A,test,positive
1F4Z,1CWQ_A,test,positive
1F50,1CWQ_A,test,positive
1FBB,1CWQ_A,test,positive
1FBK,1CWQ_A,test,positive
1IW6,1CWQ_A,test,positive
1IW9,1CWQ_A,test,positive
1IXF,1CWQ_A,test,positive
1JV6,1CWQ_A,test,positive
1JV7,1CWQ_A,test,positive
1KG8,1CWQ_A,test,positive
1KG9,1CWQ_A,test,positive
1KGB,1CWQ_A,test,positive
1KME,1CWQ_A,test,positive
1M0K,1CWQ_A,test,positive
1M0L,1CWQ_A,test,positive
1M0M,1CWQ_A,test,positive
1MGY,1CWQ_A,test,positive
1O0A,1CWQ_A,test,positive
1P8H,1CWQ_A,test,positive
1P8I,1CWQ_A,test,positive
1P8U,1CWQ_A,test,positive
1PXR,1CWQ_A,test,positive
1PXS,1CWQ_A,test,positive
1PY6,1CWQ_A,test,positive
1Q5I,1CWQ_A,test,positive
1Q5J,1CWQ_A,test,positive
1QHJ,1CWQ_A,test,positive
1QKO,1CWQ_A,test,positive
1QKP,1CWQ_A,test,positive
1QM8,1CWQ_A,test,positive
1R2N,1CWQ_A,test,positive
1R84,1CWQ_A,test,positive
1S51,1CWQ_A,test,positive
1S52,1CWQ_A,test,positive
1S53,1CWQ_A,test,positive
1S54,1CWQ_A,test,positive
1S8J,1CWQ_A,test,positive
1S8L,1CWQ_A,test,positive
1TN0,1CWQ_A,test,positive
1TN5,1CWQ_A,test,positive
1UCQ,1CWQ_A,test,positive
1VJM,1CWQ_A,test,positive
1X0I,1CWQ_A,test,positive
1X0K,1CWQ_A,test,positive
1X0S,1CWQ_A,test,positive
1XJI,1CWQ_A,test,positive
2AT9,1CWQ_A,test,positive
2BRD,1CWQ_A,test,positive
2I1X,1CWQ_A,test,positive
2I20,1CWQ_A,test,positive
2I21,1CWQ_A,test,positive
2NTU,1CWQ_A,test,positive
2NTW,1CWQ_A,test,positive
2WJK,1CWQ_A,test,positive
2WJL,1CWQ_A,test,positive
2ZFE,1CWQ_A,test,positive
2ZZL,1CWQ_A,test,positive
3COC,1CWQ_A,test,positive
3COD,1CWQ_A,test,positive
3HAN,1CWQ_A,test,positive
3HAO,1CWQ_A,test,positive
3HAP,1CWQ_A,test,positive
3HAQ,1CWQ_A,test,positive
3HAR,1CWQ_A,test,positive
3HAS,1CWQ_A,test,positive
3MBV,1CWQ_A,test,positive
3NS0,1CWQ_A,test,positive
3NSB,1CWQ_A,test,positive
3T45,1CWQ_A,test,positive
3UTV,1CWQ_A,test,positive
3UTW,1CWQ_A,test,positive
3UTX,1CWQ_A,test,positive
3UTY,1CWQ_A,test,positive
3VHZ,1CWQ_A,test,positive
3VI0,1CWQ_A,test,positive
4FPD,1CWQ_A,test,positive
4HWL,1CWQ_A,test,positive
4HYX,1CWQ_A,test,positive
4MD1,1CWQ_A,test,positive
4MD2,1CWQ_A,test,positive
4OV0,1CWQ_A,test,positive
4X31,1CWQ_A,test,positive
4X32,1CWQ_A,test,positive
4Y9H,1CWQ_A,test,positive
5A44,1CWQ_A,test,positive
5A45,1CWQ_A,test,positive
5B34,1CWQ_A,test,positive
5B35,1CWQ_A,test,positive
5B6V,1CWQ_A,test,positive
5B6W,1CWQ_A,test,positive
5B6X,1CWQ_A,test,positive
5B6Y,1CWQ_A,test,positive
5B6Z,1CWQ_A,test,positive
5BR2,1CWQ_A,test,positive
5BR5,1CWQ_A,test,positive
5H2H,1CWQ_A,test,positive
5H2I,1CWQ_A,test,positive
5H2J,1CWQ_A,test,positive
5H2K,1CWQ_A,test,positive
5H2L,1CWQ_A,test,positive
5H2M,1CWQ_A,test,positive
5H2N,1CWQ_A,test,positive
5H2O,1CWQ_A,test,positive
5H2P,1CWQ_A,test,positive
5J7A,1CWQ_A,test,positive
5ZIL,1CWQ_A,test,positive
5ZIM,1CWQ_A,test,positive
5ZIN,1CWQ_A,test,positive
6G7H,1CWQ_A,test,positive
6G7I,1CWQ_A,test,positive
6G7J,1CWQ_A,test,positive
6G7K,1CWQ_A,test,positive
6G7L,1CWQ_A,test,positive
6GA1,1CWQ_A,test,positive
6GA2,1CWQ_A,test,positive
6GA3,1CWQ_A,test,positive
6GA4,1CWQ_A,test,positive
6GA5,1CWQ_A,test,positive
6GA6,1CWQ_A,test,positive
6GA7,1CWQ_A,test,positive
6GA8,1CWQ_A,test,positive
6GA9,1CWQ_A,test,positive
6GAA,1CWQ_A,test,positive
6GAB,1CWQ_A,test,positive
6GAC,1CWQ_A,test,positive
6GAD,1CWQ_A,test,positive
6GAE,1CWQ_A,test,positive
6GAF,1CWQ_A,test,positive
6GAG,1CWQ_A,test,positive
6GAH,1CWQ_A,test,positive
6GAI,1CWQ_A,test,positive
6RMK,1CWQ_A,test,positive
6RNJ,1CWQ_A,test,positive
6RPH,1CWQ_A,test,positive
6RQO,1CWQ_A,test,positive
6RQP,1CWQ_A,test,positive
7Q35,1CWQ_A,test,positive
7Q38,1CWQ_A,test,positive
7VSO,1CWQ_A,test,positive
7XJC,1CWQ_A,test,positive
7XJD,1CWQ_A,test,positive
7XJE,1CWQ_A,test,positive
7Z0E,1CWQ_A,test,positive
9F9B,1CWQ_A,test,positive
9F9C,1CWQ_A,test,positive
9F9D,1CWQ_A,test,positive
9F9E,1CWQ_A,test,positive
9F9F,1CWQ_A,test,positive
9F9G,1CWQ_A,test,positive
9F9H,1CWQ_A,test,positive
9F9I,1CWQ_A,test,positive
9F9J,1CWQ_A,test,positive
1IJD,1IJD_C,test,positive
1IZL,1IZL_B,test,positive
1KZO,1KZP_A,test,positive
1N4P,1KZP_A,test,positive
1N4S,1KZP_A,test,positive
2H6H,1KZP_A,test,positive
1KZP,1KZP_C,test,positive
1Q90,1Q90_M,test,positive
1DXR,2WJM_L,test,positive
1PRC,2WJM_L,test,positive
1R2C,2WJM_L,test,positive
1VRN,2WJM_L,test,positive
2I5N,2WJM_L,test,positive
2JBL,2WJM_L,test,positive
2PRC,2WJM_L,test,positive
2WJM,2WJM_L,test,positive
2WJN,2WJM_L,test,positive
3D38,2WJM_L,test,positive
3G7F,2WJM_L,test,positive
3PRC,2WJM_L,test,positive
3T6D,2WJM_L,test,positive
3T6E,2WJM_L,test,positive
4AC5,2WJM_L,test,positive
4CAS,2WJM_L,test,positive
5M7J,2WJM_L,test,positive
5M7K,2WJM_L,test,positive
5M7L,2WJM_L,test,positive
5NJ4,2WJM_L,test,positive
5O4C,2WJM_L,test,positive
5O64,2WJM_L,test,positive
5PRC,2WJM_L,test,positive
6ET5,2WJM_L,test,positive
6PRC,2WJM_L,test,positive
6ZHW,2WJM_L,test,positive
6ZI4,2WJM_L,test,positive
6ZI5,2WJM_L,test,positive
6ZI6,2WJM_L,test,positive
6ZI9,2WJM_L,test,positive
6ZIA,2WJM_L,test,positive
6ZID,2WJM_L,test,positive
7PRC,2WJM_L,test,positive
7Q7P,2WJM_L,test,positive
7Q7Q,2WJM_L,test,positive
3A9E,3A9E_B,test,positive
3DDL,3DDL_A,test,positive
3DZY,3E00_G,test,positive
3E00,3E00_G,test,positive
3LBD,3LBD_A,test,positive
5M24,3LBD_A,test,positive
4BG6,4BG6_Q,test,positive
4FBY,4IXR_G,test,positive
4IXQ,4IXR_G,test,positive
4IXR,4IXR_G,test,positive
4TNH,4IXR_G,test,positive
4TNI,4IXR_G,test,positive
4TNJ,4IXR_G,test,positive
4TNK,4IXR_G,test,positive
4V62,4IXR_G,test,positive
4V82,4IXR_G,test,positive
1EYS,4V8K_AH,test,positive
5B2N,5FJG_A,test,positive
5FJG,5FJG_A,test,positive
5G28,5FJG_A,test,positive
5G2A,5FJG_A,test,positive
5G2C,5FJG_A,test,positive
5G2D,5FJG_A,test,positive
5G54,5FJG_A,test,positive
5ZTK,5FJG_A,test,positive
5ZTL,5FJG_A,test,positive
6AB9,5FJG_A,test,positive
6ABA,5FJG_A,test,positive
6JY6,5FJG_A,test,positive
6JY7,5FJG_A,test,positive
6JY8,5FJG_A,test,positive
6JY9,5FJG_A,test,positive
6JYA,5FJG_A,test,positive
6JYB,5FJG_A,test,positive
6JYC,5FJG_A,test,positive
6JYD,5FJG_A,test,positive
6JYE,5FJG_A,test,positive
6JYF,5FJG_A,test,positive
7CRI,5FJG_A,test,positive
7CRJ,5FJG_A,test,positive
7CRK,5FJG_A,test,positive
7CRL,5FJG_A,test,positive
7CRS,5FJG_A,test,positive
7CRT,5FJG_A,test,positive
7CRX,5FJG_A,test,positive
7CRY,5FJG_A,test,positive
7O8F,5FJG_A,test,positive
7O8G,5FJG_A,test,positive
7O8H,5FJG_A,test,positive
7O8I,5FJG_A,test,positive
7O8J,5FJG_A,test,positive
7O8K,5FJG_A,test,positive
7O8L,5FJG_A,test,positive
7O8M,5FJG_A,test,positive
7O8N,5FJG_A,test,positive
7O8O,5FJG_A,test,positive
7O8P,5FJG_A,test,positive
7O8Q,5FJG_A,test,positive
7O8R,5FJG_A,test,positive
7O8S,5FJG_A,test,positive
7O8T,5FJG_A,test,positive
7O8U,5FJG_A,test,positive
7O8V,5FJG_A,test,positive
7O8Y,5FJG_A,test,positive
7O8Z,5FJG_A,test,positive
7VGT,5FJG_A,test,positive
7VGU,5FJG_A,test,positive
7VGV,5FJG_A,test,positive
9JOW,5FJG_A,test,positive
9JOX,5FJG_A,test,positive
5HGR,5HGR_A,test,positive
6CSM,6CSM_D,test,positive
6GYH,6GYH_A,test,positive
7VD6,6JLU_1,test,positive
8WCL,6JLU_1,test,positive
6A2W,6JLU_9,test,positive
6JO0,6JO0_A,test,positive
6KAF,6KAD_v,test,positive
8KDE,6KAD_v,test,positive
8R2I,6KAD_v,test,positive
8ZEE,6KAD_v,test,positive
9IMN,6KAD_v,test,positive
9IOX,6KAD_v,test,positive
9IS4,6KAD_v,test,positive
6HUM,6L7O_H,test,positive
6KHI,6L7O_H,test,positive
6KHJ,6L7O_H,test,positive
6L7O,6L7O_H,test,positive
6L7P,6L7O_H,test,positive
6NWD,6NWD_A,test,positive
6SQG,6SQG_E,test,positive
6U0S,6U0S_C,test,positive
6VPV,6VPV_j,test,positive
6ZZX,6ZZX_5,test,positive
6ZZY,6ZZX_5,test,positive
7A4P,6ZZX_5,test,positive
7PBW,7PBW_AA,test,positive
7Q9S,7Q9S_CCC,test,positive
7QCO,7QCO_T,test,positive
7SFJ,7SFK_A,test,positive
7SFK,7SFK_A,test,positive
7W9W,7SFK_A,test,positive
1LGH,7TV3_A,test,positive
7WWD,7WWD_A,test,positive
7XXF,7XXF_L,test,positive
6M32,8GWA_A,test,positive
7UEA,8GWA_A,test,positive
7Z6Q,8GWA_A,test,positive
8GWA,8GWA_A,test,positive
8H87,8H87_A,test,positive
8J7Z,8J7Z_B,test,positive
8JP3,8J7Z_B,test,positive
8JXO,8JXP_A,test,positive
8JXP,8JXP_A,test,positive
8YGD,8YGD_0,test,positive
8YGL,8YGD_0,test,positive
7EU3,9GRX_9,test,positive
7F9O,9GRX_9,test,positive
9GRX,9GRX_9,test,positive
4XK8,9GRX_e,test,positive
9KC5,9KC5_M,test,positive
9KQP,9KQQ_6,test,positive
9KQQ,9KQQ_6,test,positive
9M2Y,9M2Y_A,test,positive
9M4F,9M4F_I,test,positive
1A49,1A49_A,train,negative
1ACA,1ACA_A,train,negative
1AFS,1AFS_A,train,negative
1CSN,1CSN_A,train,negative
1D7C,1D7C_A,train,negative
1DAK,1DAK_A,train,negative
1DII,1DII_A,train,negative
1E2R,1E2R_B,train,negative
1H9X,1E2R_B,train,negative
1E6W,1E6W_D,train,negative
1F26,1F26_A,train,negative
1A27,1FDU_C,train,negative
1FDS,1FDU_C,train,negative
1FDT,1FDU_C,train,negative
1FDU,1FDU_C,train,negative
1FDW,1FDU_C,train,negative
1IOL,1FDU_C,train,negative
1JTV,1FDU_C,train,negative
1AHI,1FMC_A,train,negative
1FMC,1FMC_A,train,negative
1GU2,1GU2_A,train,negative
1GXA,1GXA_A,train,negative
6QI7,1GXA_A,train,negative
1H58,1H58_A,train,negative
1H5L,1H58_A,train,negative
1I7L,1I7L_A,train,negative
1IBE,1IBE_A,train,negative
1ILX,1ILX_E,train,negative
7AM2,1ILX_E,train,negative
1J1B,1J1B_B,train,negative
1J1Z,1J1Z_A,train,negative
1J96,1J96_A,train,negative
1JGL,1JGL_H,train,negative
1JKN,1JKN_A,train,negative
1JNN,1JNN_H,train,negative
1LKX,1LKX_C,train,negative
1M67,1M67_A,train,negative
1MDC,1MDC_A,train,negative
1MN1,1MN1_A,train,negative
1N3R,1N3R_A,train,negative
1PA2,1PA2_A,train,negative
1Q13,1Q13_A,train,negative
1A52,1QKU_A,train,negative
1ERE,1QKU_A,train,negative
1G50,1QKU_A,train,negative
1GWR,1QKU_A,train,negative
1PCG,1QKU_A,train,negative
1QKT,1QKU_A,train,negative
1QKU,1QKU_A,train,negative
2OCF,1QKU_A,train,negative
2YJA,1QKU_A,train,negative
3UUD,1QKU_A,train,negative
4PXM,1QKU_A,train,negative
5DXB,1QKU_A,train,negative
5GS4,1QKU_A,train,negative
1RSE,1RSE_A,train,negative
2V1H,1RSE_A,train,negative
4DC8,1RSE_A,train,negative
5CN8,1RSE_A,train,negative
5CNF,1RSE_A,train,negative
8R8J,1RSE_A,train,negative
8RA3,1RSE_A,train,negative
1SIW,1SIW_C,train,negative
1DZ6,1T88_A,train,negative
1T88,1T88_A,train,negative
1YRC,1T88_A,train,negative
2A1M,1T88_A,train,negative
2CPP,1T88_A,train,negative
2H7R,1T88_A,train,negative
3P6M,1T88_A,train,negative
3WRM,1T88_A,train,negative
1U18,1U18_A,train,negative
1V4U,1V4U_A,train,negative
1I9J,1VPO_H,train,negative
1VPO,1VPO_H,train,negative
1VPV,1VPV_A,train,negative
1VYF,1VYF_A,train,negative
1XU4,1XU4_A,train,negative
1YP3,1YP3_C,train,negative
1YP4,1YP3_C,train,negative
1Z9N,1Z9N_A,train,negative
1ZOY,1ZOY_A,train,negative
2AF9,2AF9_A,train,negative
2B04,2B04_A,train,negative
2LIR,2B12_B,train,negative
2YCC,2B12_B,train,negative
2BU8,2BU8_A,train,negative
2C01,2C01_X,train,negative
2CIZ,2CIZ_A,train,negative
2D06,2D06_A,train,negative
2D0S,2D0S_A,train,negative
2E21,2E21_A,train,negative
2ECK,2ECK_A,train,negative
2EV1,2EV1_A,train,negative
2HMU,2HMU_A,train,negative
2HPY,2HPY_A,train,negative
2I36,2HPY_A,train,negative
3C9L,2HPY_A,train,negative
3OAX,2HPY_A,train,negative
3PQR,2HPY_A,train,negative
4PXF,2HPY_A,train,negative
6FKA,2HPY_A,train,negative
6FKB,2HPY_A,train,negative
6NWE,2HPY_A,train,negative
1T68,2HYS_A,train,negative
2HYS,2HYS_A,train,negative
2J0Q,2J0Q_T,train,negative
2J3T,2J3T_D,train,negative
2J7X,2J7X_B,train,negative
2JAF,2JAF_A,train,negative
2LBA,2LBA_A,train,negative
2LFO,2LFO_A,train,negative
2OH5,2OH5_A,train,negative
5GQI,2OH5_A,train,negative
2PBJ,2PBJ_A,train,negative
2PG5,2PG5_A,train,negative
2Q7I,2Q7I_B,train,negative
2Q7K,2Q7I_B,train,negative
2R80,2R80_A,train,negative
2VWI,2VWI_A,train,negative
2WGY,2WGY_A,train,negative
2WQA,2WQA_E,train,negative
5NU6,2WQA_E,train,negative
5NU8,2WQA_E,train,negative
2X3J,2X3J_A,train,negative
2XRP,2XRP_I,train,negative
2XTN,2XTN_A,train,negative
2YK3,2YK3_A,train,negative
2Z1U,2Z1U_A,train,negative
2ZBX,2ZBX_A,train,negative
2ZFO,2ZFO_B,train,negative
7E96,2ZFO_B,train,negative
3AKK,3AKK_A,train,negative
3BDQ,3BDQ_B,train,negative
3CJC,3CJC_G,train,negative
6I4E,3CJC_G,train,negative
3CUE,3CUE_W,train,negative
3DSJ,3DSJ_A,train,negative
3EBF,3EBF_A,train,negative
3EJ6,3EJ6_A,train,negative
3EPY,3EPY_A,train,negative
3G5N,3G5N_A,train,negative
3GIF,3GIF_A,train,negative
3GVY,3GVY_B,train,negative
3JBG,3JBE_1,train,negative
9EYY,3JBE_1,train,negative
3LSP,3LSP_A,train,negative
3MM3,3MM3_A,train,negative
3N9Z,3N9Z_A,train,negative
3NG6,3NG6_A,train,negative
3NV6,3NV6_A,train,negative
3NYI,3NYI_B,train,negative
5TOA,3OLL_A,train,negative
3OLL,3OLS_C,train,negative
3OLS,3OLS_C,train,negative
3P3X,3P3X_B,train,negative
3PI9,3PI9_B,train,negative
3QCZ,3QCZ_A,train,negative
3QOA,3QOA_A,train,negative
3S1A,3S1A_A,train,negative
7X1Z,3S1A_A,train,negative
9OFJ,3S1A_A,train,negative
3S8G,3S8G_C,train,negative
4G72,3S8G_C,train,negative
8HUA,3S8G_C,train,negative
3SCE,3SCE_A,train,negative
3SWZ,3SWZ_A,train,negative
3TW3,3TW3_A,train,negative
3S1I,3UBV_A,train,negative
3UBV,3UBV_A,train,negative
3UIE,3UIE_B,train,negative
3QB9,3UOI_P,train,negative
3UOI,3UOI_P,train,negative
3V2R,3V2R_A,train,negative
3B2K,3VG4_A,train,negative
3B2L,3VG4_A,train,negative
3STK,3VG4_A,train,negative
3STM,3VG4_A,train,negative
3VG4,3VG4_A,train,negative
7DZE,3VG4_A,train,negative
7DZH,3VG4_A,train,negative
7DZI,3VG4_A,train,negative
7DZJ,3VG4_A,train,negative
3VRC,3VRC_B,train,negative
3QZZ,3ZOL_A,train,negative
3ZOL,3ZOL_A,train,negative
3ZVM,3ZVM_A,train,negative
4A2N,4A2N_B,train,negative
4A6J,4A6J_E,train,negative
4AAL,4AAL_A,train,negative
4AN3,4AN3_A,train,negative
4AVE,4AVE_A,train,negative
4BEY,4BEY_B,train,negative
4CDY,4CDY_A,train,negative
4CZR,4CZR_A,train,negative
4EHY,4EHY_A,train,negative
4EIY,4EIY_A,train,negative
5N2R,4EIY_A,train,negative
6AQF,4EIY_A,train,negative
6GT3,4EIY_A,train,negative
6S0Q,4EIY_A,train,negative
6ZDV,4EIY_A,train,negative
7ARO,4EIY_A,train,negative
7PYR,4EIY_A,train,negative
8CIC,4EIY_A,train,negative
8PWN,4EIY_A,train,negative
8RW0,4EIY_A,train,negative
8RW4,4EIY_A,train,negative
8RWC,4EIY_A,train,negative
8RWH,4EIY_A,train,negative
9FUP,4EIY_A,train,negative
4FWI,4FWI_B,train,negative
4FWM,4FWM_A,train,negative
4GM7,4GM7_A,train,negative
6L32,4GM7_A,train,negative
6LQW,4GM7_A,train,negative
7DLQ,4GM7_A,train,negative
8Y9X,4GM7_A,train,negative
4IKV,4IKW_A,train,negative
4IKW,4IKW_A,train,negative
4IKX,4IKW_A,train,negative
4IPS,4IPS_A,train,negative
4J24,4J24_L,train,negative
4JAP,4JAP_C,train,negative
3HKK,4JC7_A,train,negative
4JC7,4JC7_A,train,negative
4JCZ,4JC7_A,train,negative
4NTB,4JC7_A,train,negative
9G0U,4JC7_A,train,negative
4JVL,4JVL_A,train,negative
4K5Y,4K5Y_C,train,negative
4KVQ,4KVQ_A,train,negative
4TW3,4KVQ_A,train,negative
4L40,4L40_A,train,negative
4L54,4L40_A,train,negative
4LUR,4LUR_A,train,negative
4LY6,4LY6_M,train,negative
4OLF,4OLF_A,train,negative
4PLA,4PLA_A,train,negative
4RKN,4RKN_A,train,negative
4TPN,4TPN_A,train,negative
4U4V,4U4V_A,train,negative
4U4W,4U4V_A,train,negative
4ULV,4ULV_A,train,negative
4WW9,4WW9_A,train,negative
4X1H,4X1H_C,train,negative
4XGU,4XGU_B,train,negative
4XHP,4XHP_A,train,negative
4XYK,4XYK_B,train,negative
4ZE2,4ZE2_A,train,negative
5ESG,4ZE2_A,train,negative
4ZJC,4ZJC_A,train,negative
4ZKE,4ZKE_A,train,negative
5A5F,5A5F_A,train,negative
5AFU,5AFU_Q,train,negative
5AOG,5AOG_A,train,negative
5B6Q,5B6Q_A,train,negative
5BU2,5BU2_B,train,negative
5BWO,5BWO_A,train,negative
5CYR,5CYR_B,train,negative
5D4N,5D4N_A,train,negative
5D4W,5D4W_A,train,negative
5E7X,5E7X_A,train,negative
5ECP,5ECP_B,train,negative
5EET,5EET_A,train,negative
4NYQ,5EPQ_A,train,negative
5EPQ,5EPQ_A,train,negative
5F5R,5F5R_A,train,negative
5FH3,5FH3_A,train,negative
5GP9,5GP9_A,train,negative
5HGU,5HGU_B,train,negative
8YGQ,5HGU_B,train,negative
5HIW,5HIW_A,train,negative
5DX3,5HYR_F,train,negative
5HYR,5HYR_F,train,negative
5IA9,5IA9_A,train,negative
5JC7,5JCH_A,train,negative
5JCH,5JCH_A,train,negative
5JKW,5JKW_A,train,negative
5K8U,5K8U_A,train,negative
1BUW,5KDQ_B,train,negative
1O1I,5KDQ_B,train,negative
1THB,5KDQ_B,train,negative
1XZU,5KDQ_B,train,negative
3ONZ,5KDQ_B,train,negative
5HY8,5KDQ_B,train,negative
5KDQ,5KDQ_B,train,negative
6BWU,5KDQ_B,train,negative
6NQ5,5KDQ_B,train,negative
8FDN,5KDQ_B,train,negative
9AV9,5KDQ_B,train,negative
9AYZ,5KDQ_B,train,negative
5KSK,5KSK_A,train,negative
5KT8,5KSK_A,train,negative
5SX7,5KSK_A,train,negative
5SXX,5KSK_A,train,negative
5L94,5L94_A,train,negative
5LJG,5LJG_A,train,negative
5LWE,5LWE_B,train,negative
5MKF,5MKF_A,train,negative
5MPS,5MPS_L,train,negative
5NCC,5NCC_A,train,negative
5O0T,5O0T_A,train,negative
5OMK,5OMK_A,train,negative
6F6L,5OMK_A,train,negative
6QJV,5OMK_A,train,negative
6QK0,5OMK_A,train,negative
5OSR,5OSR_A,train,negative
5U03,5U03_A,train,negative
5WBE,5WBE_A,train,negative
5WGD,5WGD_F,train,negative
7O3C,5XTE_C,train,negative
3L75,5XTE_E,train,negative
5XTE,5XTE_L,train,negative
5ZE9,5ZE9_B,train,negative
5ZLE,5ZLE_A,train,negative
5ZLU,5ZLU_D,train,negative
5ZTY,5ZTY_A,train,negative
6A2J,6A2J_A,train,negative
6A7J,6A7J_A,train,negative
6ADQ,6ADQ_G,train,negative
7E1X,6ADQ_G,train,negative
8OVD,6ADQ_G,train,negative
9FTZ,6ADQ_G,train,negative
9GY6,6ADQ_G,train,negative
6ASI,6ASI_A,train,negative
6BKW,6BKW_A,train,negative
6C1R,6C1R_B,train,negative
8HK5,6C1R_B,train,negative
6CBZ,6CBZ_C,train,negative
6CR2,6CR2_A,train,negative
6CSO,6CSO_A,train,negative
6DHK,6DHK_L,train,negative
6DJ6,6DJ6_A,train,negative
6DRZ,6DRZ_A,train,negative
6E1K,6E1K_C,train,negative
6E47,6E47_G,train,negative
6H6L,6E47_G,train,negative
6H6M,6E47_G,train,negative
6E88,6E88_A,train,negative
4A1H,6EW5_C,train,negative
6EW5,6EW5_C,train,negative
6XUW,6EW5_C,train,negative
6XVQ,6EW5_C,train,negative
7NSR,6EW5_C,train,negative
6F8A,6F8A_A,train,negative
6FJ3,6FJ3_B,train,negative
6GAU,6GAU_A,train,negative
6GVZ,6GVZ_A,train,negative
6GW1,6GW1_B,train,negative
6GW4,6GW4_A,train,negative
6HGL,6HGL_B,train,negative
6HLP,6HLP_A,train,negative
6J87,6J87_A,train,negative
6JDB,6JDB_A,train,negative
6JH6,6JH6_E,train,negative
8UXG,6JH6_E,train,negative
6JUW,6JUW_Y,train,negative
7D5X,6JUW_Y,train,negative
7O3E,6JUW_Y,train,negative
6K4H,6K4H_A,train,negative
6KEO,6KEP_AA,train,negative
6KEP,6KEP_AA,train,negative
3J4K,6KN8_E,train,negative
3J8A,6KN8_E,train,negative
3U9Z,6KN8_E,train,negative
4H0Y,6KN8_E,train,negative
6UBY,6KN8_E,train,negative
6UPW,6KN8_E,train,negative
6X5Z,6KN8_E,train,negative
7PMD,6KN8_E,train,negative
7SX8,6KN8_E,train,negative
7UUW,6KN8_E,train,negative
8D17,6KN8_E,train,negative
8DNH,6KN8_E,train,negative
8EFH,6KN8_E,train,negative
8ZIU,6KN8_E,train,negative
6ISE,6KO6_B,train,negative
6KO6,6KO6_B,train,negative
6KQI,6KQI_A,train,negative
6LX8,6LX8_A,train,negative
9IWN,6LX8_A,train,negative
6M60,6M60_C,train,negative
6MDQ,6MDQ_A,train,negative
6ME2,6ME2_A,train,negative
6ME5,6ME2_A,train,negative
6N5C,6N5C_A,train,negative
6N7G,6N7G_A,train,negative
6O5Y,6O5Y_B,train,negative
5LOV,6O61_F,train,negative
6O61,6O61_F,train,negative
6QQN,6O61_F,train,negative
9GMY,6O61_F,train,negative
6OVH,6OVH_A,train,negative
6OYV,6OYV_A,train,negative
6P20,6P20_A,train,negative
6PS0,6PS5_A,train,negative
6PS4,6PS5_A,train,negative
6PS5,6PS5_A,train,negative
6PWY,6PWY_B,train,negative
1LHU,6PYF_A,train,negative
6PYF,6PYF_A,train,negative
6Q34,6Q3D_A,train,negative
6Q3D,6Q3D_A,train,negative
9EPD,6Q3D_A,train,negative
6QQ6,6QQ6_A,train,negative
6RDS,6RDS_P,train,negative
6RE7,6RDS_P,train,negative
6RTE,6RTE_B,train,negative
6RZ4,6RZ4_A,train,negative
6RZ7,6RZ7_A,train,negative
6S2P,6S2P_N,train,negative
6S3O,6S3O_A,train,negative
6SU3,6SU3_A,train,negative
6T0G,6T0G_A,train,negative
6T48,6T48_C,train,negative
6TE0,6TE0_B,train,negative
6TSY,6TSY_B,train,negative
6U62,6U62_C,train,negative
6UGD,6UGD_G,train,negative
6VBY,6VBY_A,train,negative
6VEJ,6VEJ_A,train,negative
6VLT,6VLT_G,train,negative
6VOM,6VOM_e,train,negative
6VZG,6VZG_K,train,negative
6W23,6W23_B,train,negative
6QS6,6W23_X,train,negative
6WB7,6WB7_A,train,negative
6WH4,6WH4_A,train,negative
6WPL,6WPL_A,train,negative
6XKU,6XKU_D,train,negative
6XW7,6XW7_C,train,negative
6YB9,6YB9_A,train,negative
3X3B,6YT4_E,train,negative
6YC2,6YT4_E,train,negative
6YT4,6YT4_E,train,negative
6ZFU,6ZFU_A,train,negative
6ZFZ,6ZFZ_A,train,negative
6ZQM,6ZQM_D,train,negative
8H9P,6ZQM_D,train,negative
6ZZY,6ZZY_H,train,negative
7ABB,7ABB_A,train,negative
7ABG,7ABG_F,train,negative
6LQR,7AJT_CF,train,negative
7AJT,7AJT_JQ,train,negative
7ALV,7ALV_A,train,negative
7ARL,7ARL_E,train,negative
7AXI,7AXL_A,train,negative
7AXJ,7AXL_A,train,negative
7AXK,7AXL_A,train,negative
7AXL,7AXL_A,train,negative
7BGI,7BGI_7,train,negative
7C7J,7C7J_A,train,negative
7C9Z,7C9Z_B,train,negative
5ZTL,7CRT_A,train,negative
6JY7,7CRT_A,train,negative
6JY8,7CRT_A,train,negative
6JYC,7CRT_A,train,negative
6JYE,7CRT_A,train,negative
7CRL,7CRT_A,train,negative
7CRT,7CRT_A,train,negative
7O8L,7CRT_A,train,negative
7O8M,7CRT_A,train,negative
7O8O,7CRT_A,train,negative
7D77,7D77_R,train,negative
7DPT,7DPT_A,train,negative
7EVI,7EVI_B,train,negative
7FTU,7FTU_A,train,negative
7L0E,7L0E_A,train,negative
3CF0,7LN5_C,train,negative
5LLZ,7LZN_B,train,negative
5VTS,7LZN_B,train,negative
7LZN,7LZN_B,train,negative
7M0H,7LZN_B,train,negative
8DOI,7LZN_B,train,negative
8VKC,7LZN_B,train,negative
7MHZ,7MHZ_B,train,negative
7N5G,7N5G_B,train,negative
7NIC,7NIC_A,train,negative
7NVM,7NVM_D,train,negative
7NZ0,7NZ2_G1,train,negative
7NZ2,7NZ2_G1,train,negative
1BCC,7O3C_U,train,negative
7P50,7P50_A,train,negative
7PKX,7PKX_A,train,negative
7PXC,7PXC_E,train,negative
7Q1U,7Q1U_B,train,negative
7QBP,7QBP_A,train,negative
7RJC,7RJC_F,train,negative
7RMU,7RMU_A,train,negative
7SG3,7SG3_B,train,negative
7T3U,7T3U_A,train,negative
7T6T,7T6T_R,train,negative
7T71,7T71_A,train,negative
7U0R,7U0R_B,train,negative
4D78,7UFD_A,train,negative
4K9X,7UFD_A,train,negative
6UNG,7UFD_A,train,negative
7KVS,7UFD_A,train,negative
7UFD,7UFD_A,train,negative
7UNF,7UNF_e,train,negative
7UQJ,7UQJ_A,train,negative
7VSI,7VSI_A,train,negative
1E7H,7WLF_A,train,negative
4BKE,7WLF_A,train,negative
5YB1,7WLF_A,train,negative
6L4K,7WLF_A,train,negative
7DL4,7WLF_A,train,negative
7WLF,7WLF_A,train,negative
7Y2D,7WLF_A,train,negative
8H0O,7WLF_A,train,negative
8J8E,7WLF_A,train,negative
8YG7,7WLF_A,train,negative
7X2O,7X2O_L,train,negative
7X3D,7X3D_L,train,negative
7X6I,7X6I_A,train,negative
7XEC,7XEC_A,train,negative
7Y13,7Y15_R,train,negative
7YPJ,7YPJ_A,train,negative
6DHH,7YQ2_U,train,negative
6JLJ,7YQ2_U,train,negative
6W1P,7YQ2_U,train,negative
6W1Q,7YQ2_U,train,negative
6W1R,7YQ2_U,train,negative
6W1U,7YQ2_U,train,negative
7RF5,7YQ2_U,train,negative
7YQ2,7YQ2_U,train,negative
8F4C,7YQ2_U,train,negative
8F4E,7YQ2_U,train,negative
8F4I,7YQ2_U,train,negative
8IRI,7YQ2_U,train,negative
9EVX,7YQ2_U,train,negative
9G6G,7YQ2_U,train,negative
6DPQ,7YXT_A,train,negative
6E41,7YXT_A,train,negative
6R63,7YXT_A,train,negative
7AH6,7YXT_A,train,negative
7YXT,7YXT_A,train,negative
7Q38,7Z09_A,train,negative
7Z09,7Z09_A,train,negative
7Z0C,7Z09_A,train,negative
7Z1U,7Z1U_A,train,negative
7ZDC,7ZDC_C,train,negative
7ZN0,7ZN0_C,train,negative
7ZN3,7ZN0_C,train,negative
7ZNC,7ZN0_C,train,negative
7ZND,7ZN0_C,train,negative
7ZNI,7ZN0_C,train,negative
7ZYI,7ZYI_L,train,negative
8A26,8A26_A,train,negative
8ABG,8ABG_Q,train,negative
8APA,8APA_M1,train,negative
8APD,8APA_M1,train,negative
8ASI,8ASI_C,train,negative
8C2I,8C2I_E,train,negative
8CGY,8CGY_A,train,negative
8D8P,8D8P_B,train,negative
1ZO4,8DME_B,train,negative
2UWH,8DME_B,train,negative
4DUA,8DME_B,train,negative
4DUE,8DME_B,train,negative
4KPA,8DME_B,train,negative
5OG9,8DME_B,train,negative
6LY4,8DME_B,train,negative
7CVR,8DME_B,train,negative
7XZK,8DME_B,train,negative
7YD9,8DME_B,train,negative
8DME,8DME_B,train,negative
9KT5,8DME_B,train,negative
8DZE,8DZG_A,train,negative
8DZG,8DZG_A,train,negative
8E5W,8E5W_A,train,negative
8E8R,8E8R_1,train,negative
8FIB,8FIB_A,train,negative
8FW0,8FW0_B,train,negative
8FW3,8FW0_B,train,negative
8G52,8G52_A,train,negative
8GIS,8GIS_A,train,negative
8GXX,8GXX_I,train,negative
8GZU,8GZU_a7,train,negative
8H0B,8H0B_A,train,negative
8H87,8H87_A,train,negative
8HDF,8HDF_A,train,negative
7JV5,8HK2_G,train,negative
7JVQ,8HK2_G,train,negative
8IRV,8HK2_G,train,negative
8WJX,8HK2_G,train,negative
8HKI,8HKI_E,train,negative
8HPL,8HPL_E,train,negative
8IAB,8IAB_A,train,negative
8IYJ,8IYJ_P2,train,negative
8JEW,8JEZ_A,train,negative
8JEZ,8JEZ_A,train,negative
8JUW,8JUW_D,train,negative
8JUZ,8JUW_D,train,negative
8K9R,8K9R_B,train,negative
8KEI,8KEI_D,train,negative
8PMI,8PMI_B,train,negative
8PQW,8PQW_F,train,negative
8QRD,8QRD_A,train,negative
8QUV,8QUV_A,train,negative
8QXK,8QXK_C,train,negative
8QXO,8QXK_C,train,negative
8R5X,8R5X_A,train,negative
8R96,8R96_B,train,negative
8RAV,8RAV_A,train,negative
8RNM,8RNM_A,train,negative
8ROE,8ROE_A,train,negative
8RTW,8RTW_C,train,negative
8RWY,8RWY_D,train,negative
9FC1,8RWY_D,train,negative
8S1J,8S1J_B,train,negative
8S91,8S91_D,train,negative
8TR5,8TR5_A,train,negative
8TR8,8TR5_A,train,negative
8TZL,8TZL_C,train,negative
8U53,8U53_B,train,negative
7W00,8UET_1G,train,negative
7W1O,8UET_1G,train,negative
8IB4,8UET_1G,train,negative
8UET,8UET_1G,train,negative
8UO4,8UO4_R,train,negative
8V47,8V47_H,train,negative
6PQS,8VFR_A,train,negative
6U3K,8VFR_A,train,negative
7KCS,8VFR_A,train,negative
7R8S,8VFR_A,train,negative
8VFR,8VFR_A,train,negative
8W8B,8W8B_R,train,negative
8WDU,8WDU_B,train,negative
8WDV,8WDU_B,train,negative
8WIH,8WIH_A,train,negative
8XM4,8XM4_A,train,negative
8XOK,8XOK_A,train,negative
8XOO,8XOO_R,train,negative
8Y21,8Y21_D,train,negative
1PHK,8Z5T_C,train,negative
8Z5T,8Z5T_C,train,negative
8Z83,8Z83_H,train,negative
8ZTL,8ZTL_A,train,negative
8ZTM,8ZTL_A,train,negative
9AVR,9AVR_A,train,negative
9AYQ,9AYQ_A,train,negative
9AZL,9AZL_A,train,negative
9B1D,9B1D_A,train,negative
9B5U,9B5V_A,train,negative
9B5V,9B5V_A,train,negative
5Z3O,9CA7_T,train,negative
9CA7,9CA7_T,train,negative
9GE5,9CA7_T,train,negative
9DKE,9DKE_A,train,negative
9E3O,9E3O_A,train,negative
9E3Q,9E3Q_A,train,negative
6P4J,9EAP_B,train,negative
9EAP,9EAP_B,train,negative
4IAI,9EDE_A,train,negative
4IAY,9EDE_A,train,negative
9DW5,9EDE_A,train,negative
9EDE,9EDE_A,train,negative
9EOT,9EOT_A,train,negative
9ER2,9ER2_Q,train,negative
9EY2,9EY2_D,train,negative
9FAP,9FAQ_D,train,negative
9FAQ,9FAQ_D,train,negative
9FI9,9FI9_A,train,negative
9FQR,9FQR_Ai,train,negative
9E12,9FQR_Jn,train,negative
9GS7,9GS7_A,train,negative
9GYT,9GYT_B,train,negative
6FFH,9HC0_A,train,negative
9HC0,9HC0_A,train,negative
9HRK,9HRK_A,train,negative
9IFP,9IFP_A,train,negative
9INF,9IUC_A,train,negative
9IUC,9IUC_A,train,negative
9JFJ,9JFJ_D,train,negative
9KQ9,9KQ9_C,train,negative
9LSI,9LSI_C,train,negative
9M8M,9M8M_5,train,negative
6KN8,9MOM_I,train,negative
9MOM,9MOM_I,train,negative
9N2D,9N2D_A,train,negative
9PDD,9PDD_G,train,negative
6X2F,9Q97_D,train,negative
7QV9,9Q97_D,train,negative
9Q97,9Q97_D,train,negative
9QQ6,9QQ6_A,train,negative
9R96,9R96_C,train,negative
8AYM,9RN4_A,train,negative
8P3S,9RN4_A,train,negative
9RMW,9RN4_A,train,negative
9RN4,9RN4_A,train,negative
9VID,9VID_B,train,negative
6CK4,No_Cluster,train,negative
7D7Z,No_Cluster,train,negative
1A0R,1A0R_B,train,positive
6OY9,1A0R_B,train,positive
8IU2,1A0R_B,train,positive
8SL3,1A0R_B,train,positive
8Y01,1A0R_B,train,positive
9EPP,1A0R_B,train,positive
9EPQ,1A0R_B,train,positive
9EPR,1A0R_B,train,positive
1BRD,1BRD_A,train,positive
1C8S,1C8S_A,train,positive
1DOA,1DOA_A,train,positive
1HH4,1DOA_B,train,positive
1EPB,1EPB_B,train,positive
1FBM,1FBM_A,train,positive
1FM6,1FM6_B,train,positive
1FM9,1FM6_B,train,positive
1K74,1FM6_B,train,positive
1NQ7,1FM6_B,train,positive
6A5Y,1FM6_B,train,positive
6SSQ,1FM6_B,train,positive
1GKA,1GKA_A,train,positive
1GX8,1GX8_A,train,positive
1KQW,1KQW_A,train,positive
1N4Q,1N4Q_N,train,positive
1KZU,1NKZ_D,train,positive
1NKZ,1NKZ_D,train,positive
2FKW,1NKZ_D,train,positive
9EK8,1NKZ_D,train,positive
1AQB,1QAB_E,train,positive
1BRP,1QAB_E,train,positive
1ERB,1QAB_E,train,positive
1FEL,1QAB_E,train,positive
1FEN,1QAB_E,train,positive
1HBP,1QAB_E,train,positive
1KT3,1QAB_E,train,positive
1KT4,1QAB_E,train,positive
1KT5,1QAB_E,train,positive
1KT6,1QAB_E,train,positive
1KT7,1QAB_E,train,positive
1QAB,1QAB_E,train,positive
1RBP,1QAB_E,train,positive
3BSZ,1QAB_E,train,positive
5NU7,1QAB_E,train,positive
1TYR,1TYR_A,train,positive
1UMP,1UMP_A,train,positive
1VF5,1VF5_S,train,positive
2D2C,1VF5_S,train,positive
2E74,1VF5_S,train,positive
2E75,1VF5_S,train,positive
2E76,1VF5_S,train,positive
4H0L,1VF5_S,train,positive
4H13,1VF5_S,train,positive
4I7Z,1VF5_S,train,positive
4PV1,1VF5_S,train,positive
1W5C,1W5C_D,train,positive
8WQL,1W5C_D,train,positive
1FMJ,1X8K_A,train,positive
1FML,1X8K_A,train,positive
1X8K,1X8K_A,train,positive
1X8L,1X8K_A,train,positive
1XIU,1XIU_F,train,positive
1XLS,1XLS_I,train,positive
1RWT,2BHW_A,train,positive
2BHW,2BHW_A,train,positive
4LCZ,2BHW_A,train,positive
8IWX,2BHW_A,train,positive
8IWY,2BHW_A,train,positive
8IWZ,2BHW_A,train,positive
8IX0,2BHW_A,train,positive
8IX1,2BHW_A,train,positive
8IX2,2BHW_A,train,positive
8Y15,2BHW_A,train,positive
8YEE,2BHW_A,train,positive
2BIW,2BIW_A,train,positive
2H6F,2H6I_P,train,positive
2H6G,2H6I_P,train,positive
2H6I,2H6I_P,train,positive
1GU8,2KSY_A,train,positive
1GUE,2KSY_A,train,positive
1H2S,2KSY_A,train,positive
1H68,2KSY_A,train,positive
1JGJ,2KSY_A,train,positive
2F93,2KSY_A,train,positive
2F95,2KSY_A,train,positive
2KSY,2KSY_A,train,positive
3QAP,2KSY_A,train,positive
3QDC,2KSY_A,train,positive
4GYC,2KSY_A,train,positive
5JJE,2KSY_A,train,positive
5JJF,2KSY_A,train,positive
5JJJ,2KSY_A,train,positive
5JJN,2KSY_A,train,positive
7ZCM,2KSY_A,train,positive
8PWG,2KSY_A,train,positive
8PWI,2KSY_A,train,positive
8PWJ,2KSY_A,train,positive
8PWP,2KSY_A,train,positive
8PWQ,2KSY_A,train,positive
9H1W,2KSY_A,train,positive
9H1X,2KSY_A,train,positive
9H20,2KSY_A,train,positive
1XIO,2M3G_A,train,positive
2M3G,2M3G_A,train,positive
4TL3,2M3G_A,train,positive
9MEM,2M3G_A,train,positive
2NNH,2NNH_A,train,positive
1EII,2RCT_A,train,positive
1OPB,2RCT_A,train,positive
2RCT,2RCT_A,train,positive
4EDE,2RCT_A,train,positive
4EEJ,2RCT_A,train,positive
4EFG,2RCT_A,train,positive
4EXZ,2RCT_A,train,positive
4GKC,2RCT_A,train,positive
4QYN,2RCT_A,train,positive
4QYP,2RCT_A,train,positive
4QZT,2RCT_A,train,positive
4QZU,2RCT_A,train,positive
4RUU,2RCT_A,train,positive
4ZJ0,2RCT_A,train,positive
4ZR2,2RCT_A,train,positive
5F58,2RCT_A,train,positive
5F6B,2RCT_A,train,positive
5F7G,2RCT_A,train,positive
5FAZ,2RCT_A,train,positive
5FEN,2RCT_A,train,positive
5FFH,2RCT_A,train,positive
5U6G,2RCT_A,train,positive
6E5S,2RCT_A,train,positive
6E6L,2RCT_A,train,positive
6E7M,2RCT_A,train,positive
6MCU,2RCT_A,train,positive
6MCV,2RCT_A,train,positive
6MKV,2RCT_A,train,positive
6MLB,2RCT_A,train,positive
7LHJ,2RCT_A,train,positive
7LHM,2RCT_A,train,positive
7LHN,2RCT_A,train,positive
7LHO,2RCT_A,train,positive
1F6N,2UX5_L,train,positive
1FNP,2UX5_L,train,positive
1FNQ,2UX5_L,train,positive
1JGW,2UX5_L,train,positive
1JGX,2UX5_L,train,positive
1JGY,2UX5_L,train,positive
1JGZ,2UX5_L,train,positive
1JH0,2UX5_L,train,positive
1KBY,2UX5_L,train,positive
1M3X,2UX5_L,train,positive
1PCR,2UX5_L,train,positive
1PSS,2UX5_L,train,positive
1PST,2UX5_L,train,positive
1RGN,2UX5_L,train,positive
1RQK,2UX5_L,train,positive
1RVJ,2UX5_L,train,positive
1RY5,2UX5_L,train,positive
1RZH,2UX5_L,train,positive
1RZZ,2UX5_L,train,positive
1S00,2UX5_L,train,positive
1YF6,2UX5_L,train,positive
1YST,2UX5_L,train,positive
2J8C,2UX5_L,train,positive
2J8D,2UX5_L,train,positive
2UWS,2UX5_L,train,positive
2UWT,2UX5_L,train,positive
2UWU,2UX5_L,train,positive
2UWV,2UX5_L,train,positive
2UWW,2UX5_L,train,positive
2UX3,2UX5_L,train,positive
2UX4,2UX5_L,train,positive
2UX5,2UX5_L,train,positive
2UXJ,2UX5_L,train,positive
2UXK,2UX5_L,train,positive
2UXL,2UX5_L,train,positive
2UXM,2UX5_L,train,positive
3I4D,2UX5_L,train,positive
4H99,2UX5_L,train,positive
4H9L,2UX5_L,train,positive
4HBH,2UX5_L,train,positive
4HBJ,2UX5_L,train,positive
4IN5,2UX5_L,train,positive
4IN6,2UX5_L,train,positive
4IN7,2UX5_L,train,positive
4N7K,2UX5_L,train,positive
4N7L,2UX5_L,train,positive
7MH3,2UX5_L,train,positive
7MH4,2UX5_L,train,positive
7MH5,2UX5_L,train,positive
7MH8,2UX5_L,train,positive
7MH9,2UX5_L,train,positive
7MHA,2UX5_L,train,positive
8VTJ,2UX5_L,train,positive
8VTK,2UX5_L,train,positive
8VTL,2UX5_L,train,positive
8VTM,2UX5_L,train,positive
8VTN,2UX5_L,train,positive
8VTO,2UX5_L,train,positive
2Z73,2ZIY_A,train,positive
2ZIY,2ZIY_A,train,positive
3AYM,2ZIY_A,train,positive
3AYN,2ZIY_A,train,positive
4WW3,2ZIY_A,train,positive
3AM6,3AM6_A,train,positive
2CBS,3CBS_A,train,positive
2G79,3CBS_A,train,positive
2G7B,3CBS_A,train,positive
3CBS,3CBS_A,train,positive
3CR6,3CBS_A,train,positive
3F8A,3CBS_A,train,positive
3F9D,3CBS_A,train,positive
3FA6,3CBS_A,train,positive
4I9R,3CBS_A,train,positive
4I9S,3CBS_A,train,positive
4M6S,3CBS_A,train,positive
4M7M,3CBS_A,train,positive
4YBP,3CBS_A,train,positive
4YBU,3CBS_A,train,positive
4YCE,3CBS_A,train,positive
4YCH,3CBS_A,train,positive
4YDA,3CBS_A,train,positive
4YDB,3CBS_A,train,positive
4YFP,3CBS_A,train,positive
4YFQ,3CBS_A,train,positive
4YFR,3CBS_A,train,positive
4YGG,3CBS_A,train,positive
4YGH,3CBS_A,train,positive
4YGZ,3CBS_A,train,positive
4YH0,3CBS_A,train,positive
4YKM,3CBS_A,train,positive
4YKO,3CBS_A,train,positive
6MOP,3CBS_A,train,positive
6MOQ,3CBS_A,train,positive
6MOR,3CBS_A,train,positive
6MOV,3CBS_A,train,positive
6MOX,3CBS_A,train,positive
6MPK,3CBS_A,train,positive
6MQI,3CBS_A,train,positive
6MQJ,3CBS_A,train,positive
6MQW,3CBS_A,train,positive
6MQX,3CBS_A,train,positive
6MQY,3CBS_A,train,positive
6MQZ,3CBS_A,train,positive
6MR0,3CBS_A,train,positive
6NNX,3CBS_A,train,positive
6NNY,3CBS_A,train,positive
6NOE,3CBS_A,train,positive
3DSV,3DSX_A,train,positive
3DSW,3DSX_A,train,positive
3DSX,3DSX_A,train,positive
3HX3,3HY5_A,train,positive
3HY5,3HY5_A,train,positive
4CIZ,3HY5_A,train,positive
4CJ6,3HY5_A,train,positive
3PL9,3JCU_r,train,positive
3Q79,3Q79_P,train,positive
3UVV,3UVV_A,train,positive
4FP4,4FP4_A,train,positive
2ZT9,4H44_F,train,positive
4H44,4H44_F,train,positive
4OGQ,4H44_F,train,positive
4JQ6,4JQ6_B,train,positive
4KLY,4KNF_C,train,positive
4KNF,4KNF_C,train,positive
4JR8,4L35_A,train,positive
4L35,4L35_A,train,positive
4PXK,4L35_A,train,positive
1FBY,4NQA_H,train,positive
7UW2,4NQA_H,train,positive
7UW4,4NQA_H,train,positive
7WFE,4RKU_L,train,positive
8J7A,4RKU_L,train,positive
7VRJ,4V8K_BL,train,positive
8WDU,4V8K_BL,train,positive
8WDV,4V8K_BL,train,positive
4YUU,4YUU_b1,train,positive
5AWZ,5AX1_A,train,positive
5AX0,5AX1_A,train,positive
5AX1,5AX1_A,train,positive
5DHK,5DHK_A,train,positive
5F2U,5F2U_C,train,positive
5FCX,5FCX_A,train,positive
5FCY,5FCX_A,train,positive
1CRB,5HA1_A,train,positive
1KGL,5HA1_A,train,positive
1MX8,5HA1_A,train,positive
5H8T,5HA1_A,train,positive
5HA1,5HA1_A,train,positive
5HBS,5HA1_A,train,positive
5LJB,5HA1_A,train,positive
5LJC,5HA1_A,train,positive
5LJD,5HA1_A,train,positive
5LJE,5HA1_A,train,positive
5HSS,5HSS_A,train,positive
5LNF,5LNF_A,train,positive
5TAR,5TAR_A,train,positive
5TB5,5TAR_A,train,positive
7Q9U,5TAR_A,train,positive
5U9I,5U9J_A,train,positive
5U9J,5U9J_A,train,positive
5V35,5U9J_A,train,positive
1XDK,5UAN_B,train,positive
5UI2,5UI2_A,train,positive
1S5L,5V2C_b,train,positive
2AXT,5V2C_b,train,positive
7DXA,5V2C_b,train,positive
5XNN,5XNL_8,train,positive
5XNO,5XNL_8,train,positive
3WMM,5Y5S_0,train,positive
4V8K,5Y5S_0,train,positive
5B5M,5Y5S_0,train,positive
5B5N,5Y5S_0,train,positive
5Y5S,5Y5S_0,train,positive
7C52,5Y5S_0,train,positive
8JC8,5Y5S_0,train,positive
8JC9,5Y5S_0,train,positive
5ZHX,5ZHX_A,train,positive
5ZJI,5ZJI_D,train,positive
6EYU,6EYU_A,train,positive
1UAZ,6GUX_A,train,positive
6GUX,6GUX_A,train,positive
6GUY,6GUX_A,train,positive
6GUZ,6GUX_A,train,positive
6S63,6GUX_A,train,positive
6S6C,6GUX_A,train,positive
7ZY3,6GUX_A,train,positive
6IGZ,6IGZ_3,train,positive
6IJJ,6IJJ_J,train,positive
6IJO,6IJJ_J,train,positive
6JO5,6IJJ_J,train,positive
6JO6,6IJJ_J,train,positive
7BGI,6IJJ_J,train,positive
7BLX,6IJJ_J,train,positive
7D0J,6IJJ_J,train,positive
7DZ7,6IJJ_J,train,positive
7DZ8,6IJJ_J,train,positive
7R3K,6IJJ_J,train,positive
7ZQ9,6IJJ_J,train,positive
7ZQC,6IJJ_J,train,positive
7ZQD,6IJJ_J,train,positive
8H2U,6IJJ_J,train,positive
1LTX,6IJO_X,train,positive
8WCK,6J40_36,train,positive
6J3Y,6J40_k,train,positive
6J3Z,6J40_k,train,positive
6J40,6J40_k,train,positive
7VD5,6J40_k,train,positive
6J7F,6J7F_A,train,positive
6J8V,6J8V_B,train,positive
6J95,6J95_A,train,positive
6L8J,6J95_A,train,positive
6K1Z,6K1Z_A,train,positive
6KFQ,6KFQ_A,train,positive
6KIF,6KIG_U,train,positive
6KIG,6KIG_U,train,positive
6LM0,6LM0_C,train,positive
6LM1,6LM1_A,train,positive
6L4T,6LY5_E,train,positive
6EEC,6M7J_J,train,positive
6M7J,6M7J_J,train,positive
6MCJ,6MCJ_A,train,positive
6OYA,6OYA_N,train,positive
6JEO,6PNJ_m,train,positive
6K61,6PNJ_m,train,positive
6PNJ,6PNJ_m,train,positive
6TCL,6PNJ_m,train,positive
7LX0,6PNJ_m,train,positive
7Y3F,6PNJ_m,train,positive
6PQ1,6PQ1_A,train,positive
6PY0,6PY0_A,train,positive
6Q53,6Q53_B,train,positive
6Q8O,6Q8O_A,train,positive
6QNO,6QNO_L,train,positive
3X3B,6RF0_B,train,positive
3X3C,6RF0_B,train,positive
6REX,6RF0_B,train,positive
6REZ,6RF0_B,train,positive
6RF0,6RF0_B,train,positive
6RF1,6RF0_B,train,positive
6RF4,6RF0_B,train,positive
6RF5,6RF0_B,train,positive
6RF6,6RF0_B,train,positive
6RF7,6RF0_B,train,positive
6RF9,6RF0_B,train,positive
6RFA,6RF0_B,train,positive
6RFB,6RF0_B,train,positive
6RFC,6RF0_B,train,positive
6TK1,6RF0_B,train,positive
6TK2,6RF0_B,train,positive
6TK3,6RF0_B,train,positive
6TK4,6RF0_B,train,positive
6TK5,6RF0_B,train,positive
6TK6,6RF0_B,train,positive
6TK7,6RF0_B,train,positive
6YBY,6RF0_B,train,positive
6YBZ,6RF0_B,train,positive
6YC0,6RF0_B,train,positive
6YC1,6RF0_B,train,positive
6YC3,6RF0_B,train,positive
6YC4,6RF0_B,train,positive
6YT4,6RF0_B,train,positive
7Q36,6RF0_B,train,positive
8CL7,6RF0_B,train,positive
8CL8,6RF0_B,train,positive
8RQ5,6RF0_B,train,positive
9I6H,6RF0_B,train,positive
9I6I,6RF0_B,train,positive
6RQF,6RQF_O,train,positive
7QRM,6RQF_O,train,positive
7ZYV,6RQF_O,train,positive
9ES7,6RQF_O,train,positive
9ES8,6RQF_O,train,positive
9ES9,6RQF_O,train,positive
3OAP,6STI_B,train,positive
4K4J,6STI_B,train,positive
4POH,6STI_B,train,positive
4POJ,6STI_B,train,positive
4PP3,6STI_B,train,positive
4PP5,6STI_B,train,positive
4RFW,6STI_B,train,positive
4RMD,6STI_B,train,positive
4RME,6STI_B,train,positive
6STI,6STI_B,train,positive
6SU3,6SU3_X,train,positive
6SU4,6SU3_X,train,positive
6UH3,6SU3_X,train,positive
9LJJ,6SU3_X,train,positive
6TJV,6TJV_P,train,positive
6VCH,6VCH_A,train,positive
6WJ6,6WJ6_F,train,positive
6K6I,6XL3_A,train,positive
6K6J,6XL3_A,train,positive
6K6K,6XL3_A,train,positive
6WP8,6XL3_A,train,positive
6XL3,6XL3_A,train,positive
3LW5,6YEZ_E,train,positive
4RKU,6YEZ_E,train,positive
4Y28,6YEZ_E,train,positive
5L8R,6YEZ_E,train,positive
6YAC,6YEZ_E,train,positive
6YEZ,6YEZ_E,train,positive
6ZOO,6YEZ_E,train,positive
6ZXS,6YEZ_E,train,positive
7DKZ,6YEZ_E,train,positive
5XNL,6YP7_o,train,positive
6YP7,6YP7_o,train,positive
6Z5R,6Z5R_M,train,positive
6Z5S,6Z5R_M,train,positive
6ZXA,6ZXA_A,train,positive
2O01,6ZXS_A,train,positive
2WSC,6ZXS_A,train,positive
2WSE,6ZXS_A,train,positive
2WSF,6ZXS_A,train,positive
7EW6,6ZXS_A,train,positive
7EWK,6ZXS_A,train,positive
7WFD,6ZXS_A,train,positive
8BCV,6ZXS_A,train,positive
8BCW,6ZXS_A,train,positive
8J6Z,6ZXS_A,train,positive
8J7B,6ZXS_A,train,positive
9GBI,6ZXS_A,train,positive
9GC2,6ZXS_A,train,positive
3UG9,7C86_A,train,positive
4YZI,7C86_A,train,positive
6CSN,7C86_A,train,positive
6CSO,7C86_A,train,positive
7C86,7C86_A,train,positive
7E6X,7C86_A,train,positive
7E6Y,7C86_A,train,positive
7E6Z,7C86_A,train,positive
7E70,7C86_A,train,positive
7E71,7C86_A,train,positive
9GO1,7C86_A,train,positive
9GO2,7C86_A,train,positive
7C9R,7C9R_C,train,positive
6IS6,7CLJ_A,train,positive
7CLJ,7CLJ_A,train,positive
7U55,7CLJ_A,train,positive
7E0H,7D0J_S,train,positive
7E0J,7D0J_S,train,positive
7DDQ,7DDQ_H,train,positive
7DR0,7DR2_aD,train,positive
7DR1,7DR2_aD,train,positive
7DR2,7DR2_aD,train,positive
7DWQ,7DWQ_M,train,positive
7E0I,7DZ8_V,train,positive
7E0K,7DZ8_V,train,positive
7E4G,7E4G_A,train,positive
7E7O,7E7O_A,train,positive
7M1Q,7E7O_A,train,positive
9EYS,7LX0_H,train,positive
7N8O,7N8O_v,train,positive
7RCV,7N8O_v,train,positive
8TOW,7N8O_v,train,positive
9EH5,7N8O_v,train,positive
7O0U,7O0X_H2,train,positive
7O0V,7O0X_H2,train,positive
7O0W,7O0X_H2,train,positive
7O0X,7O0X_H2,train,positive
7OBC,7OBD_A,train,positive
7OBD,7OBD_A,train,positive
7EQD,7OY8_M,train,positive
7OY8,7OY8_M,train,positive
9K3Q,7OY8_M,train,positive
7PL9,7PL9_A,train,positive
6KMW,7QCO_h,train,positive
7QCZ,7QD1_A,train,positive
7QD0,7QD1_A,train,positive
7QD1,7QD1_A,train,positive
7QD2,7QD1_A,train,positive
7S3D,7S3D_S,train,positive
7SC9,7SC9_BJ,train,positive
7SCB,7SC9_BJ,train,positive
7SCC,7SC9_BJ,train,positive
8TO2,7SC9_BJ,train,positive
8TPJ,7SC9_BJ,train,positive
7TUW,7TUW_A,train,positive
7TV3,7TUW_A,train,positive
8FB9,7TUW_A,train,positive
8FBB,7TUW_A,train,positive
4V9G,7VOR_X,train,positive
7VA9,7VOR_X,train,positive
7VB9,7VOR_X,train,positive
7VNM,7VOR_X,train,positive
7F0L,7VOT_Y,train,positive
7PIL,7VOT_Y,train,positive
7PQD,7VOT_Y,train,positive
7VNY,7VOT_Y,train,positive
7VOR,7VOT_Y,train,positive
7VOT,7VOT_Y,train,positive
7VY2,7VOT_Y,train,positive
7VZG,7VZG_f,train,positive
7VZR,7VZG_f,train,positive
7W5J,7W5J_A,train,positive
7W74,7W74_A,train,positive
7WG5,7WG5_F,train,positive
7Y5E,7Y5E_BE,train,positive
7Y7A,7Y5E_BE,train,positive
7YML,7YML_L,train,positive
8B64,7YML_L,train,positive
7VY3,7YML_S,train,positive
7YMI,7YMM_2M,train,positive
7YMM,7YMM_2M,train,positive
7YTB,7YTB_B,train,positive
8I2Z,7YTB_B,train,positive
7YTF,7YTF_A,train,positive
7ZCU,7ZCU_S,train,positive
7ZDI,7ZCU_S,train,positive
7ZE3,7ZCU_S,train,positive
7ZE8,7ZCU_S,train,positive
3MG1,7ZSI_1,train,positive
3MG2,7ZSI_1,train,positive
3MG3,7ZSI_1,train,positive
4XB4,7ZSI_1,train,positive
4XB5,7ZSI_1,train,positive
5TUW,7ZSI_1,train,positive
5TUX,7ZSI_1,train,positive
5TV0,7ZSI_1,train,positive
6T6K,7ZSI_1,train,positive
6T6M,7ZSI_1,train,positive
6T6O,7ZSI_1,train,positive
7ZSF,7ZSI_1,train,positive
7ZSG,7ZSI_1,train,positive
7ZSH,7ZSI_1,train,positive
7ZSI,7ZSI_1,train,positive
7ZSJ,7ZSI_1,train,positive
7ZXV,7ZSI_1,train,positive
7ZVR,7ZVR_A,train,positive
8A0H,8A0H_A,train,positive
8BD3,8BD3_P1,train,positive
8C18,8C18_A,train,positive
8C29,8C29_m,train,positive
8CMO,8CMO_5,train,positive
2L6X,8CQD_A,train,positive
7B03,8CQD_A,train,positive
8CQC,8CQD_A,train,positive
8CQD,8CQD_A,train,positive
8EQM,8EQM_v,train,positive
8H79,8H79_A,train,positive
7WLM,8HLV_A,train,positive
8HLV,8HLV_A,train,positive
8HQ8,8HLV_A,train,positive
6L35,8HTU_1,train,positive
7KSQ,8HTU_1,train,positive
7KUX,8HTU_1,train,positive
7XQP,8HTU_1,train,positive
8HTU,8HTU_1,train,positive
7KU5,8HTU_O,train,positive
8I34,8I34_B,train,positive
8GI9,8IFU_A,train,positive
8IFU,8IFU_A,train,positive
5YQ7,8IUG_N,train,positive
8HJU,8IUG_N,train,positive
8HJV,8IUG_N,train,positive
8IUG,8IUG_N,train,positive
8IUN,8IUG_N,train,positive
8J5O,8IUG_N,train,positive
8J5P,8IUG_N,train,positive
8J0D,8J0D_6,train,positive
8W4O,8J5K_2,train,positive
8W4P,8J5K_4,train,positive
6JLU,8J5K_j,train,positive
8IWH,8J5K_j,train,positive
8J5K,8J5K_j,train,positive
8JFK,8JFK_C,train,positive
8XYA,8JFK_C,train,positive
8XYB,8JFK_C,train,positive
8JFL,8JFL_C,train,positive
8XY7,8JFL_C,train,positive
8JH0,8JH0_B,train,positive
8JJR,8JJR_B,train,positive
8JW0,8JW0_E,train,positive
8K5O,8K5O_C,train,positive
6ZTQ,8OLT_M,train,positive
8OLT,8OLT_M,train,positive
8PZK,8PZK_A,train,positive
8QX5,8QX5_A,train,positive
8R0P,8R98_I,train,positive
8R96,8R98_I,train,positive
8R97,8R98_I,train,positive
8R98,8R98_I,train,positive
5JSI,8RSQ_A,train,positive
7AVN,8RSQ_A,train,positive
7AVP,8RSQ_A,train,positive
7Q37,8RSQ_A,train,positive
8RSO,8RSQ_A,train,positive
8RSP,8RSQ_A,train,positive
8RSQ,8RSQ_A,train,positive
8RSR,8RSQ_A,train,positive
8RSS,8RSQ_A,train,positive
9G15,8RSQ_A,train,positive
9G16,8RSQ_A,train,positive
6K33,8VU3_I,train,positive
6LU1,8VU3_I,train,positive
6TRA,8VU3_I,train,positive
6TRC,8VU3_I,train,positive
6TRD,8VU3_I,train,positive
8VU3,8VU3_I,train,positive
4QI1,8W7R_A,train,positive
4QID,8W7R_A,train,positive
4WAV,8W7R_A,train,positive
5ITC,8W7R_A,train,positive
5ITE,8W7R_A,train,positive
5KKH,8W7R_A,train,positive
8W7R,8W7R_A,train,positive
8YPB,8WDU_B,train,positive
8YPD,8WDU_B,train,positive
8WEY,8WEY_E,train,positive
8WGH,8WGH_1,train,positive
8WM6,8WMW_F,train,positive
8WMJ,8WMW_F,train,positive
8WMV,8WMW_F,train,positive
8WMW,8WMW_F,train,positive
8WB4,8XKL_p,train,positive
8XKL,8XKL_p,train,positive
8XR6,8XKL_p,train,positive
8XLP,8XLP_1,train,positive
8XX8,8XX8_C,train,positive
8Y02,8Y02_R,train,positive
8YDM,8YDM_L,train,positive
8YEJ,8YEJ_A,train,positive
8YEK,8YEJ_A,train,positive
8YEL,8YEL_A,train,positive
8YY9,8YZ2_O,train,positive
8YZ2,8YZ2_O,train,positive
9KM0,8YZ2_O,train,positive
8Z11,8Z11_U,train,positive
8Z4V,8Z4V_C,train,positive
8Z53,8Z53_A,train,positive
8Z81,8Z81_I,train,positive
8Z82,8Z81_I,train,positive
8Z83,8Z81_I,train,positive
3JCU,8Z9D_MM,train,positive
5XNM,8Z9D_MM,train,positive
7OUI,8Z9D_MM,train,positive
9LE7,8Z9D_MM,train,positive
9LE8,8Z9D_MM,train,positive
9LK4,8Z9D_MM,train,positive
9LK5,8Z9D_MM,train,positive
8ZAN,8ZAN_A,train,positive
8GI8,8ZAP_B,train,positive
8H86,8ZAP_B,train,positive
8IU0,8ZAP_B,train,positive
8ZAO,8ZAP_B,train,positive
8ZAP,8ZAP_B,train,positive
8ZAQ,8ZAP_B,train,positive
9CDC,8ZAP_B,train,positive
9CDD,8ZAP_B,train,positive
9CDE,8ZAP_B,train,positive
6L4U,8ZEH_b,train,positive
6LY5,8ZEH_b,train,positive
8XLS,8ZEH_b,train,positive
8ZEH,8ZEH_b,train,positive
8ZET,8ZEH_b,train,positive
8ZJW,8ZK2_J,train,positive
8ZK2,8ZK2_J,train,positive
4KT0,9AU4_e,train,positive
4L6V,9AU4_e,train,positive
5OY0,9AU4_e,train,positive
6HQB,9AU4_e,train,positive
6NWA,9AU4_e,train,positive
6UZV,9AU4_e,train,positive
7O1V,9AU4_e,train,positive
7UMH,9AU4_e,train,positive
8AM5,9AU4_e,train,positive
8ASL,9AU4_e,train,positive
8ASP,9AU4_e,train,positive
9AU4,9AU4_e,train,positive
8ZWB,9AU4_i,train,positive
9DWZ,9DWZ_B,train,positive
3A0B,9G6G_Y,train,positive
3KZI,9G6G_Y,train,positive
3WU2,9G6G_Y,train,positive
4IL6,9G6G_Y,train,positive
4PBU,9G6G_Y,train,positive
4PJ0,9G6G_Y,train,positive
4RVY,9G6G_Y,train,positive
4UB6,9G6G_Y,train,positive
4UB8,9G6G_Y,train,positive
5B5E,9G6G_Y,train,positive
5B66,9G6G_Y,train,positive
5E79,9G6G_Y,train,positive
5E7C,9G6G_Y,train,positive
5GTH,9G6G_Y,train,positive
5GTI,9G6G_Y,train,positive
5H2F,9G6G_Y,train,positive
5KAF,9G6G_Y,train,positive
5KAI,9G6G_Y,train,positive
5MX2,9G6G_Y,train,positive
5TIS,9G6G_Y,train,positive
5V2C,9G6G_Y,train,positive
5WS5,9G6G_Y,train,positive
5WS6,9G6G_Y,train,positive
5ZZN,9G6G_Y,train,positive
6DHE,9G6G_Y,train,positive
6DHF,9G6G_Y,train,positive
6DHG,9G6G_Y,train,positive
6DHH,9G6G_Y,train,positive
6DHO,9G6G_Y,train,positive
6DHP,9G6G_Y,train,positive
6JLJ,9G6G_Y,train,positive
6JLK,9G6G_Y,train,positive
6JLL,9G6G_Y,train,positive
6JLM,9G6G_Y,train,positive
6JLN,9G6G_Y,train,positive
6JLO,9G6G_Y,train,positive
6JLP,9G6G_Y,train,positive
6W1O,9G6G_Y,train,positive
6W1P,9G6G_Y,train,positive
6W1Q,9G6G_Y,train,positive
6W1R,9G6G_Y,train,positive
6W1T,9G6G_Y,train,positive
6W1U,9G6G_Y,train,positive
6W1V,9G6G_Y,train,positive
7CJI,9G6G_Y,train,positive
7CJJ,9G6G_Y,train,positive
7COU,9G6G_Y,train,positive
7CZL,9G6G_Y,train,positive
7D1T,9G6G_Y,train,positive
7D1U,9G6G_Y,train,positive
7DXH,9G6G_Y,train,positive
7EDA,9G6G_Y,train,positive
7NHO,9G6G_Y,train,positive
7NHP,9G6G_Y,train,positive
7NHQ,9G6G_Y,train,positive
7RF1,9G6G_Y,train,positive
7RF2,9G6G_Y,train,positive
7RF3,9G6G_Y,train,positive
7RF4,9G6G_Y,train,positive
7RF5,9G6G_Y,train,positive
7RF6,9G6G_Y,train,positive
7RF7,9G6G_Y,train,positive
7RF8,9G6G_Y,train,positive
7YQ2,9G6G_Y,train,positive
7YQ7,9G6G_Y,train,positive
8EZ5,9G6G_Y,train,positive
8F4C,9G6G_Y,train,positive
8F4D,9G6G_Y,train,positive
8F4E,9G6G_Y,train,positive
8F4F,9G6G_Y,train,positive
8F4G,9G6G_Y,train,positive
8F4H,9G6G_Y,train,positive
8F4I,9G6G_Y,train,positive
8F4J,9G6G_Y,train,positive
8F4K,9G6G_Y,train,positive
8GN0,9G6G_Y,train,positive
8GN1,9G6G_Y,train,positive
8GN2,9G6G_Y,train,positive
8IR5,9G6G_Y,train,positive
8IR6,9G6G_Y,train,positive
8IR7,9G6G_Y,train,positive
8IR8,9G6G_Y,train,positive
8IR9,9G6G_Y,train,positive
8IRA,9G6G_Y,train,positive
8IRB,9G6G_Y,train,positive
8IRC,9G6G_Y,train,positive
8IRD,9G6G_Y,train,positive
8IRE,9G6G_Y,train,positive
8IRF,9G6G_Y,train,positive
8IRG,9G6G_Y,train,positive
8IRH,9G6G_Y,train,positive
8IRI,9G6G_Y,train,positive
9EVX,9G6G_Y,train,positive
9G6F,9G6G_Y,train,positive
9G6G,9G6G_Y,train,positive
9G6H,9G6G_Y,train,positive
6KAC,9GNW_J,train,positive
6KAD,9GNW_J,train,positive
9IIU,9GNW_J,train,positive
7PI0,9GNW_V,train,positive
7PI5,9GNW_V,train,positive
7PIN,9GNW_V,train,positive
7PIW,9GNW_V,train,positive
7PNK,9GNW_V,train,positive
9GNW,9GNW_V,train,positive
7AKW,9IN9_A,train,positive
9IN7,9IN9_A,train,positive
9IN8,9IN9_A,train,positive
9IN9,9IN9_A,train,positive
9INK,9INK_A,train,positive
9J2F,9J2F_H,train,positive
9J7W,9J7W_A,train,positive
9JJ8,9JJ8_9,train,positive
9JOU,9JOU_A,train,positive
9JOV,9JOU_A,train,positive
9JTQ,9JTQ_A,train,positive
8XHW,9JWS_B,train,positive
9JWS,9JWS_B,train,positive
9KME,9KME_A,train,positive
9KQB,9KQB_4,train,positive
9KUE,9KUE_D,train,positive
6QPH,9MGW_3,train,positive
6RHZ,9MGW_3,train,positive
6SL5,9MGW_3,train,positive
6YXR,9MGW_3,train,positive
9MGW,9MGW_3,train,positive
9MGZ,9MGW_3,train,positive
9MH0,9MGW_3,train,positive
9MH1,9MGW_3,train,positive
9NEM,9NEM_B,train,positive
9R22,9R22_A,train,positive
9R23,9R23_A,train,positive
9VFJ,9VFJ_13,train,positive
1EYS,1EYS_M,validation,negative
1HI1,1HI1_A,validation,negative
4A8S,1HI1_A,validation,negative
1GIW,1HRC_A,validation,negative
1HRC,1HRC_A,validation,negative
1O0H,1O0H_A,validation,negative
1P84,1P84_J,validation,negative
1RTX,1RTX_A,validation,negative
1YYF,1YYF_A,validation,negative
1LIE,2HNX_A,validation,negative
1LIF,2HNX_A,validation,negative
2HNX,2HNX_A,validation,negative
7FW5,2HNX_A,validation,negative
2HYD,2HYD_A,validation,negative
2I5B,2I5B_A,validation,negative
2MM3,2MM3_A,validation,negative
2O0G,2O0G_A,validation,negative
2NNI,2VN0_A,validation,negative
2NNJ,2VN0_A,validation,negative
2VN0,2VN0_A,validation,negative
2Y5N,2Y5N_B,validation,negative
5UHU,2Y5N_B,validation,negative
2ZOX,2ZOX_A,validation,negative
3AWP,3AWP_A,validation,negative
3D2F,3D2F_A,validation,negative
3G46,3G46_A,validation,negative
3G4W,3G46_A,validation,negative
3UHG,3G46_A,validation,negative
3GMM,3GMR_B,validation,negative
3GMR,3GMR_B,validation,negative
6C6J,3GMR_B,validation,negative
3KO3,3KO3_E,validation,negative
1M9R,3NSE_A,validation,negative
3JWZ,3NSE_A,validation,negative
3NLD,3NSE_A,validation,negative
3NLH,3NSE_A,validation,negative
3NSE,3NSE_A,validation,negative
4CX0,3NSE_A,validation,negative
4UH7,3NSE_A,validation,negative
5FJ2,3NSE_A,validation,negative
5FVZ,3NSE_A,validation,negative
6POU,3NSE_A,validation,negative
8UFR,3NSE_A,validation,negative
3QVF,3QVF_A,validation,negative
3QVH,3QVF_A,validation,negative
3RWU,3RWU_A,validation,negative
4J2E,3RWU_A,validation,negative
3SJL,3SJL_D,validation,negative
3VG9,3VG9_C,validation,negative
3X33,3X33_A,validation,negative
4C0N,4C0N_A,validation,negative
3KSW,4CK8_B,validation,negative
4CK8,4CK8_B,validation,negative
4E2P,4E2P_A,validation,negative
4FNH,4FNH_A,validation,negative
4J6D,4J6D_A,validation,negative
4NIF,4NIF_A,validation,negative
4RWD,4RWD_G,validation,negative
4TKJ,4TKJ_A,validation,negative
5B28,4TKJ_A,validation,negative
7V2G,4TKJ_A,validation,negative
5DXG,5DXG_C,validation,negative
2WJN,5M7L_C,validation,negative
5M7L,5M7L_C,validation,negative
5DXE,5WGQ_E,validation,negative
5WGQ,5WGQ_E,validation,negative
6A94,6A94_B,validation,negative
6J7I,6J7I_B,validation,negative
6JBN,6JBN_A,validation,negative
6L1Q,6L1Q_C,validation,negative
6OL9,6OL9_A,validation,negative
6PIT,6PIT_C,validation,negative
6QGO,6QGO_C,validation,negative
6QVJ,6QVJ_I,validation,negative
6SU9,6SU9_A,validation,negative
2WDV,6WU6_B,validation,negative
6WU6,6WU6_B,validation,negative
6XAK,6XAK_B,validation,negative
2EVK,6Z4T_A,validation,negative
2MGC,6Z4T_A,validation,negative
2ZSP,6Z4T_A,validation,negative
3ECZ,6Z4T_A,validation,negative
3ED9,6Z4T_A,validation,negative
4H07,6Z4T_A,validation,negative
5UT8,6Z4T_A,validation,negative
6E04,6Z4T_A,validation,negative
6Z4T,6Z4T_A,validation,negative
7A44,6Z4T_A,validation,negative
8XC2,6Z4T_A,validation,negative
7B56,7B56_A,validation,negative
7CL8,7CL8_A,validation,negative
7CRC,7CRC_B,validation,negative
7DHW,7DHW_A,validation,negative
7EVZ,7EVZ_D,validation,negative
7K5F,7K5F_A,validation,negative
7KAY,7KAY_A,validation,negative
7MHB,7MHB_A,validation,negative
7NEL,7NEL_D,validation,negative
7NU0,7NU0_A,validation,negative
7TMS,7TMS_K,validation,negative
7TMT,7TMS_K,validation,negative
7TXV,7TXV_H,validation,negative
7CFN,7TYX_A,validation,negative
7EPT,7TYX_A,validation,negative
7F16,7TYX_A,validation,negative
7TYI,7TYX_A,validation,negative
7TYX,7TYX_A,validation,negative
7TYY,7TYX_A,validation,negative
8F0J,7TYX_A,validation,negative
8U8F,7TYX_A,validation,negative
7UE3,7UE3_A,validation,negative
7USW,7USX_C,validation,negative
7USX,7USX_C,validation,negative
7VHV,7VHV_A,validation,negative
7VYK,7VYK_B,validation,negative
7W7H,7W7H_E,validation,negative
7XW5,7XW5_R,validation,negative
7Y98,7Y98_A,validation,negative
8ABS,8ABS_A,validation,negative
8AT5,8AT5_C,validation,negative
8BMQ,8BMQ_D,validation,negative
8DH6,8DH6_g,validation,negative
8E5G,8E5G_A,validation,negative
8F7S,8F7S_P,validation,negative
8HAF,8HAF_P,validation,negative
8HFC,8HFC_B,validation,negative
8IBG,8IBG_Ah,validation,negative
8J0G,8J0G_B,validation,negative
8J0S,8J0S_b,validation,negative
8J6M,8J6M_B,validation,negative
8QXT,8QXT_H,validation,negative
8RH4,8RH4_A,validation,negative
8RH7,8RH4_A,validation,negative
8S4D,8S4D_A,validation,negative
8U19,8U19_A,validation,negative
8YO1,8YO1_C,validation,negative
9CTF,9CTF_A,validation,negative
9G15,9G15_A,validation,negative
9IO5,9IO5_J,validation,negative
9JN5,9JN6_A,validation,negative
9JN6,9JN6_A,validation,negative
9LSK,9LSI_B,validation,negative
1IIU,1IIU_A,validation,positive
1VG0,1LTX_R,validation,positive
1LV0,1LV0_A,validation,positive
1N4R,1N4R_M,validation,positive
1UKV,1UKV_Y,validation,positive
2BCG,1UKV_Y,validation,positive
1VGO,2Z55_A,validation,positive
2EI4,2Z55_A,validation,positive
2Z55,2Z55_A,validation,positive
3WQJ,2Z55_A,validation,positive
3A0H,3A0H_N,validation,positive
7SA3,3A0H_N,validation,positive
1F88,3OAX_A,validation,positive
1GZM,3OAX_A,validation,positive
1HZX,3OAX_A,validation,positive
1JFP,3OAX_A,validation,positive
1L9H,3OAX_A,validation,positive
1LN6,3OAX_A,validation,positive
1U19,3OAX_A,validation,positive
2G87,3OAX_A,validation,positive
2HPY,3OAX_A,validation,positive
2I35,3OAX_A,validation,positive
2J4Y,3OAX_A,validation,positive
2PED,3OAX_A,validation,positive
2X72,3OAX_A,validation,positive
3C9L,3OAX_A,validation,positive
3C9M,3OAX_A,validation,positive
3OAX,3OAX_A,validation,positive
3PQR,3OAX_A,validation,positive
3PXO,3OAX_A,validation,positive
4A4M,3OAX_A,validation,positive
5DYS,3OAX_A,validation,positive
5EN0,3OAX_A,validation,positive
5TE5,3OAX_A,validation,positive
6FUF,3OAX_A,validation,positive
7MT8,3OAX_A,validation,positive
7MT9,3OAX_A,validation,positive
7MTA,3OAX_A,validation,positive
7MTB,3OAX_A,validation,positive
7ZBC,3OAX_A,validation,positive
7ZBE,3OAX_A,validation,positive
8A6C,3OAX_A,validation,positive
8A6D,3OAX_A,validation,positive
8A6E,3OAX_A,validation,positive
3A7K,3VVK_A,validation,positive
3ABW,3VVK_A,validation,positive
3QBG,3VVK_A,validation,positive
3QBI,3VVK_A,validation,positive
3QBK,3VVK_A,validation,positive
3QBL,3VVK_A,validation,positive
3VVK,3VVK_A,validation,positive
4QRY,3VVK_A,validation,positive
5B0W,3VVK_A,validation,positive
5ETZ,3VVK_A,validation,positive
4F38,4F38_A,validation,positive
5FR2,4F38_A,validation,positive
4FBZ,4FBZ_A,validation,positive
4HYJ,4HYJ_A,validation,positive
4NQA,4NQA_I,validation,positive
4OMJ,4OMK_A,validation,positive
4OMK,4OMK_A,validation,positive
1E12,5AHZ_A,validation,positive
2JAF,5AHZ_A,validation,positive
2JAG,5AHZ_A,validation,positive
5AHY,5AHZ_A,validation,positive
5AHZ,5AHZ_A,validation,positive
5G36,5AHZ_A,validation,positive
5JI0,5JI0_E,validation,positive
5V8K,5V8K_B,validation,positive
5UAN,5Z12_F,validation,positive
5Z12,5Z12_F,validation,positive
6A5Z,5Z12_F,validation,positive
5ZGB,5ZGB_K,validation,positive
5ZGH,5ZGB_K,validation,positive
6FOS,5ZGB_K,validation,positive
7BLZ,5ZGB_K,validation,positive
3DZU,6A60_B,validation,positive
7FIX,6KHI_1,validation,positive
6KMX,6KMX_aI,validation,positive
6A60,6SSQ_G,validation,positive
7CJ3,7D7Q_B,validation,positive
7D7Q,7D7Q_B,validation,positive
7EKR,7EKR_B,validation,positive
7F4V,7F4V_bM,validation,positive
1JB0,7M78_K,validation,positive
3PCQ,7M78_K,validation,positive
4FE1,7M78_K,validation,positive
5ZF0,7M78_K,validation,positive
6PFY,7M78_K,validation,positive
6PGK,7M78_K,validation,positive
7M75,7M78_K,validation,positive
7M76,7M78_K,validation,positive
7M78,7M78_K,validation,positive
7OCI,7OCI_D,validation,positive
7P7M,7P7M_L,validation,positive
3T5G,7Q9U_CCC,validation,positive
3T5I,7Q9U_CCC,validation,positive
5E8F,7Q9U_CCC,validation,positive
7Q9Q,7Q9U_CCC,validation,positive
7Q9R,7Q9U_CCC,validation,positive
7QF9,7Q9U_CCC,validation,positive
7QHM,7QHO_T,validation,positive
7QHO,7QHO_T,validation,positive
7R0W,7R0W_J,validation,positive
7ZXY,7R0W_J,validation,positive
7UEB,7UEB_E,validation,positive
7Y7B,7Y7B_5,validation,positive
7Y8A,7Y7B_5,validation,positive
7YCA,7YCA_S,validation,positive
8HG3,7YCA_S,validation,positive
8HG5,7YCA_S,validation,positive
8HG6,7YCA_S,validation,positive
8FCZ,8FCZ_C,validation,positive
8HPD,8HPD_C,validation,positive
8HW1,8HW1_A,validation,positive
8JZE,8JZF_f,validation,positive
8JZF,8JZF_f,validation,positive
8PYH,8PYH_B,validation,positive
8R0K,8R0O_A,validation,positive
8R0L,8R0O_A,validation,positive
8R0M,8R0O_A,validation,positive
8R0N,8R0O_A,validation,positive
8R0O,8R0O_A,validation,positive
8Z9D,8Z9D_0,validation,positive
9E0J,9E0J_e,validation,positive
6I9K,9EPR_R,validation,positive
9M8M,9M8M_L,validation,positive
